{"cameraMode":{"drawMode":0,"name":"Shaded","section":"Shading Mode"},"sceneLighting":true,"audioPlay":false,"sceneViewState":{"showFog":true,"showMaterialUpdate":false,"showSkybox":true,"showFlares":true,"showImageEffects":true,"showParticleSystems":true,"showVisualEffectGraphs":true,"m_FxEnabled":true},"in2DMode":false,"pivot":{"x":1.2886861562728882,"y":21.05088233947754,"z":7.127561569213867},"rotation":{"x":0.3199860751628876,"y":-0.022740716114640237,"z":0.007680885028094053,"w":0.9471259117126465},"size":40.264137268066409,"orthographic":false}